3_little_imp;women;zjeune
3_little_imp;women;zjeune
3_little_imp;women;zjeune
3_little_imp;women;zjeune
3_little_imp;women;zjeune
3_little_imp;women;zjeune
3_little_imp;women;zjeune
3_little_imp;women;zjeune
3_little_imp;women;zjeune
3_little_imp;women;zjeune
3_little_imp;women;zjeune
3_little_imp;women;zjeune
3_little_imp;women;zjeune
3_little_imp;women;zjeune
3_little_imp;women;zjeune
3_little_imp;women;zjeune
3_little_imp;women;zjeune
3_little_imp;women;zjeune
3_little_imp;women;zjeune
3_little_imp;women;zjeune
3_little_imp;women;zjeune
3_little_imp;women;zjeune
3_little_imp;women;zjeune
3_little_imp;women;zjeune
3_little_imp;women;zjeune
3_little_imp;women;zjeune
2_imp;women;zjeune
2_imp;women;zjeune
2_imp;women;zjeune
2_imp;women;zjeune
2_imp;women;zjeune
2_imp;women;zjeune
2_imp;women;zjeune
2_imp;women;zjeune
2_imp;women;zjeune
2_imp;women;zjeune
2_imp;women;zjeune
2_imp;women;zjeune
1_very_imp;women;zjeune
1_very_imp;women;zjeune
1_very_imp;women;zjeune
1_very_imp;women;zjeune
1_very_imp;women;zjeune
1_very_imp;women;zjeune
1_very_imp;women;zjeune
3_little_imp;women;milieu
3_little_imp;women;milieu
3_little_imp;women;milieu
3_little_imp;women;milieu
3_little_imp;women;milieu
3_little_imp;women;milieu
3_little_imp;women;milieu
3_little_imp;women;milieu
3_little_imp;women;milieu
2_imp;women;milieu
2_imp;women;milieu
2_imp;women;milieu
2_imp;women;milieu
2_imp;women;milieu
2_imp;women;milieu
2_imp;women;milieu
2_imp;women;milieu
2_imp;women;milieu
2_imp;women;milieu
2_imp;women;milieu
2_imp;women;milieu
2_imp;women;milieu
2_imp;women;milieu
2_imp;women;milieu
2_imp;women;milieu
2_imp;women;milieu
2_imp;women;milieu
2_imp;women;milieu
2_imp;women;milieu
2_imp;women;milieu
1_very_imp;women;milieu
1_very_imp;women;milieu
1_very_imp;women;milieu
1_very_imp;women;milieu
1_very_imp;women;milieu
1_very_imp;women;milieu
1_very_imp;women;milieu
1_very_imp;women;milieu
1_very_imp;women;milieu
1_very_imp;women;milieu
1_very_imp;women;milieu
1_very_imp;women;milieu
1_very_imp;women;milieu
1_very_imp;women;milieu
1_very_imp;women;milieu
3_little_imp;women;vieux
3_little_imp;women;vieux
3_little_imp;women;vieux
3_little_imp;women;vieux
3_little_imp;women;vieux
2_imp;women;vieux
2_imp;women;vieux
2_imp;women;vieux
2_imp;women;vieux
2_imp;women;vieux
2_imp;women;vieux
2_imp;women;vieux
2_imp;women;vieux
2_imp;women;vieux
2_imp;women;vieux
2_imp;women;vieux
2_imp;women;vieux
2_imp;women;vieux
2_imp;women;vieux
1_very_imp;women;vieux
1_very_imp;women;vieux
1_very_imp;women;vieux
1_very_imp;women;vieux
1_very_imp;women;vieux
1_very_imp;women;vieux
1_very_imp;women;vieux
1_very_imp;women;vieux
1_very_imp;women;vieux
1_very_imp;women;vieux
1_very_imp;women;vieux
1_very_imp;women;vieux
1_very_imp;women;vieux
1_very_imp;women;vieux
1_very_imp;women;vieux
1_very_imp;women;vieux
1_very_imp;women;vieux
1_very_imp;women;vieux
1_very_imp;women;vieux
1_very_imp;women;vieux
1_very_imp;women;vieux
1_very_imp;women;vieux
1_very_imp;women;vieux
1_very_imp;women;vieux
1_very_imp;women;vieux
1_very_imp;women;vieux
1_very_imp;women;vieux
1_very_imp;women;vieux
1_very_imp;women;vieux
1_very_imp;women;vieux
1_very_imp;women;vieux
1_very_imp;women;vieux
1_very_imp;women;vieux
1_very_imp;women;vieux
1_very_imp;women;vieux
1_very_imp;women;vieux
1_very_imp;women;vieux
1_very_imp;women;vieux
1_very_imp;women;vieux
1_very_imp;women;vieux
1_very_imp;women;vieux
3_little_imp;men;zjeune
3_little_imp;men;zjeune
3_little_imp;men;zjeune
3_little_imp;men;zjeune
3_little_imp;men;zjeune
3_little_imp;men;zjeune
3_little_imp;men;zjeune
3_little_imp;men;zjeune
3_little_imp;men;zjeune
3_little_imp;men;zjeune
3_little_imp;men;zjeune
3_little_imp;men;zjeune
3_little_imp;men;zjeune
3_little_imp;men;zjeune
3_little_imp;men;zjeune
3_little_imp;men;zjeune
3_little_imp;men;zjeune
3_little_imp;men;zjeune
3_little_imp;men;zjeune
3_little_imp;men;zjeune
3_little_imp;men;zjeune
3_little_imp;men;zjeune
3_little_imp;men;zjeune
3_little_imp;men;zjeune
3_little_imp;men;zjeune
3_little_imp;men;zjeune
3_little_imp;men;zjeune
3_little_imp;men;zjeune
3_little_imp;men;zjeune
3_little_imp;men;zjeune
3_little_imp;men;zjeune
3_little_imp;men;zjeune
3_little_imp;men;zjeune
3_little_imp;men;zjeune
3_little_imp;men;zjeune
3_little_imp;men;zjeune
3_little_imp;men;zjeune
3_little_imp;men;zjeune
3_little_imp;men;zjeune
3_little_imp;men;zjeune
2_imp;men;zjeune
2_imp;men;zjeune
2_imp;men;zjeune
2_imp;men;zjeune
2_imp;men;zjeune
2_imp;men;zjeune
2_imp;men;zjeune
2_imp;men;zjeune
2_imp;men;zjeune
2_imp;men;zjeune
2_imp;men;zjeune
2_imp;men;zjeune
2_imp;men;zjeune
2_imp;men;zjeune
2_imp;men;zjeune
2_imp;men;zjeune
2_imp;men;zjeune
1_very_imp;men;zjeune
1_very_imp;men;zjeune
1_very_imp;men;zjeune
1_very_imp;men;zjeune
1_very_imp;men;zjeune
1_very_imp;men;zjeune
1_very_imp;men;zjeune
1_very_imp;men;zjeune
3_little_imp;men;milieu
3_little_imp;men;milieu
3_little_imp;men;milieu
3_little_imp;men;milieu
3_little_imp;men;milieu
3_little_imp;men;milieu
3_little_imp;men;milieu
3_little_imp;men;milieu
3_little_imp;men;milieu
3_little_imp;men;milieu
3_little_imp;men;milieu
3_little_imp;men;milieu
3_little_imp;men;milieu
3_little_imp;men;milieu
3_little_imp;men;milieu
3_little_imp;men;milieu
3_little_imp;men;milieu
2_imp;men;milieu
2_imp;men;milieu
2_imp;men;milieu
2_imp;men;milieu
2_imp;men;milieu
2_imp;men;milieu
2_imp;men;milieu
2_imp;men;milieu
2_imp;men;milieu
2_imp;men;milieu
2_imp;men;milieu
2_imp;men;milieu
2_imp;men;milieu
2_imp;men;milieu
2_imp;men;milieu
1_very_imp;men;milieu
1_very_imp;men;milieu
1_very_imp;men;milieu
1_very_imp;men;milieu
1_very_imp;men;milieu
1_very_imp;men;milieu
1_very_imp;men;milieu
1_very_imp;men;milieu
1_very_imp;men;milieu
1_very_imp;men;milieu
1_very_imp;men;milieu
1_very_imp;men;milieu
3_little_imp;men;vieux
3_little_imp;men;vieux
3_little_imp;men;vieux
3_little_imp;men;vieux
3_little_imp;men;vieux
3_little_imp;men;vieux
3_little_imp;men;vieux
3_little_imp;men;vieux
2_imp;men;vieux
2_imp;men;vieux
2_imp;men;vieux
2_imp;men;vieux
2_imp;men;vieux
2_imp;men;vieux
2_imp;men;vieux
2_imp;men;vieux
2_imp;men;vieux
2_imp;men;vieux
2_imp;men;vieux
2_imp;men;vieux
2_imp;men;vieux
2_imp;men;vieux
2_imp;men;vieux
1_very_imp;men;vieux
1_very_imp;men;vieux
1_very_imp;men;vieux
1_very_imp;men;vieux
1_very_imp;men;vieux
1_very_imp;men;vieux
1_very_imp;men;vieux
1_very_imp;men;vieux
1_very_imp;men;vieux
1_very_imp;men;vieux
1_very_imp;men;vieux
1_very_imp;men;vieux
1_very_imp;men;vieux
1_very_imp;men;vieux
1_very_imp;men;vieux
1_very_imp;men;vieux
1_very_imp;men;vieux
1_very_imp;men;vieux